Country,ClusterID
Croatia,-1
Costa Rica,-1
Romania,-1
Kuwait,-1
Cyprus,-1
Czech Republic,-1
Denmark,-1
Qatar,-1
Portugal,-1
Egypt,-1
Equatorial Guinea,-1
Norway,-1
Estonia,-1
Finland,-1
France,-1
New Zealand,-1
Netherlands,-1
Germany,-1
Kazakhstan,-1
Libya,-1
Japan,-1
Lithuania,-1
Italy,-1
Israel,-1
Russia,-1
Ireland,-1
Iran,-1
"Macedonia, FYR",-1
Iceland,-1
Malaysia,-1
Malta,-1
Greece,-1
Luxembourg,-1
Seychelles,-1
Lebanon,-1
Singapore,-1
Bahrain,-1
Bahamas,-1
United Arab Emirates,-1
Austria,-1
Belgium,-1
Australia,-1
Timor-Leste,-1
United Kingdom,-1
United States,-1
Switzerland,-1
Uruguay,-1
Sweden,-1
Barbados,-1
Suriname,-1
Brunei,-1
Bulgaria,-1
Venezuela,-1
St. Vincent and the Grenadines,-1
Spain,-1
South Korea,-1
Canada,-1
Slovenia,-1
Slovak Republic,-1
Brazil,-1
Uzbekistan,0
Vietnam,0
Liberia,0
Madagascar,0
Lesotho,0
Malawi,0
Myanmar,0
Mali,0
Senegal,0
Rwanda,0
Solomon Islands,0
Sudan,0
Pakistan,0
Niger,0
Uganda,0
Tajikistan,0
Nepal,0
Sierra Leone,0
Togo,0
Mozambique,0
Moldova,0
Mauritania,0
Tanzania,0
Afghanistan,0
Kyrgyz Republic,0
Zambia,0
"Congo, Dem. Rep.",0
Lao,0
Cote d'Ivoire,0
Chad,0
Central African Republic,0
Cameroon,0
Cambodia,0
Eritrea,0
Burundi,0
Burkina Faso,0
Gambia,0
Ghana,0
Bangladesh,0
Benin,0
Guinea-Bissau,0
Yemen,0
Kiribati,0
Kenya,0
Guinea,0
Haiti,0
India,0
Comoros,0
Turkmenistan,1
Tunisia,1
China,1
Bosnia and Herzegovina,1
Ecuador,1
Jordan,1
Albania,1
Peru,1
Serbia,2
Iraq,2
Thailand,2
Algeria,2
Cape Verde,3
Sri Lanka,3
Belize,3
Angola,3
Armenia,3
Tonga,3
Bolivia,3
Bhutan,3
Ukraine,3
"Congo, Rep.",3
Samoa,3
Jamaica,3
Indonesia,3
Guyana,3
Guatemala,3
Mongolia,3
Namibia,3
Georgia,3
Fiji,3
Nigeria,3
Morocco,3
El Salvador,3
Philippines,3
Paraguay,3
Antigua and Barbuda,4
Chile,4
Argentina,5
Turkey,5
Latvia,5
Belarus,6
Azerbaijan,6
Botswana,7
Montenegro,7
Dominican Republic,8
Colombia,8
Mauritius,9
Gabon,9
Panama,9
South Africa,10
Grenada,10
Maldives,10
Poland,11
Hungary,11
"Micronesia, Fed. Sts.",12
Vanuatu,12
Oman,13
Saudi Arabia,13
